"Status","Start Time","Stop Time","Duration in ms","Parent Suite","Suite","Sub Suite","Test Class","Test Method","Name","Description"
"passed","Tue Oct 06 15:25:49 UTC 2026","Tue Oct 06 15:25:52 UTC 2026","3187","firefox","ui-007.spec.ts","wilist UI","","","UI-007 — Two items with the same Name",""
"passed","Tue Oct 06 15:25:44 UTC 2026","Tue Oct 06 15:25:46 UTC 2026","1708","firefox","ui-004.spec.ts","wilist UI","","","UI-004 — Name containing only whitespace",""
"passed","Tue Oct 06 15:25:47 UTC 2026","Tue Oct 06 15:25:49 UTC 2026","1699","firefox","ui-006.spec.ts","wilist UI","","","UI-006 — Link is not a valid URL(KNOWN BUG)",""
"passed","Tue Oct 06 15:25:42 UTC 2026","Tue Oct 06 15:25:44 UTC 2026","2041","firefox","ui-003.spec.ts","","","","UI-003 — Submit with empty Name",""
"passed","Tue Oct 06 15:25:59 UTC 2026","Tue Oct 06 15:26:01 UTC 2026","2079","firefox","ui-015.spec.ts","wilist UI","","","UI-015 — Double click on Add item",""
"passed","Tue Oct 06 15:25:46 UTC 2026","Tue Oct 06 15:25:47 UTC 2026","1562","firefox","ui-005.spec.ts","wilist UI","","","UI-005 — Long values and special characters",""
"passed","Tue Oct 06 15:25:56 UTC 2026","Tue Oct 06 15:25:59 UTC 2026","2579","firefox","ui-013.spec.ts","wilist UI","","","UI-013 — Item ordering in the list",""
"passed","Tue Oct 06 15:26:07 UTC 2026","Tue Oct 06 15:26:09 UTC 2026","2609","firefox","ui-022.spec.ts","wilist UI","","","UI-022 — Archived state transitions",""
"passed","Tue Oct 06 15:25:37 UTC 2026","Tue Oct 06 15:25:38 UTC 2026","776","firefox","ui-000.spec.ts","","","","UI-000 Default state of the add form",""
"passed","Tue Oct 06 15:25:34 UTC 2026","Tue Oct 06 15:25:36 UTC 2026","1698","firefox","seed.spec.ts","wilist UI","","","seed",""
"passed","Tue Oct 06 15:25:37 UTC 2026","Tue Oct 06 15:25:37 UTC 2026","24","firefox","smoke.spec.ts","","","","health отвечает 200",""
"passed","Tue Oct 06 15:25:40 UTC 2026","Tue Oct 06 15:25:42 UTC 2026","1953","firefox","ui-002.spec.ts","","","","UI-002 — Create item with Name + Link",""
"passed","Tue Oct 06 15:25:36 UTC 2026","Tue Oct 06 15:25:37 UTC 2026","592","firefox","smoke.spec.ts","","","","UI открывается",""
"passed","Tue Oct 06 15:26:01 UTC 2026","Tue Oct 06 15:26:04 UTC 2026","2548","firefox","ui-020.spec.ts","wilist UI","","","UI-020 — Active state transitions",""
"passed","Tue Oct 06 15:25:38 UTC 2026","Tue Oct 06 15:25:40 UTC 2026","1983","firefox","ui-001.spec.ts","","","","UI-001 — Create item with Name only",""
"passed","Tue Oct 06 15:26:04 UTC 2026","Tue Oct 06 15:26:07 UTC 2026","2536","firefox","ui-021.spec.ts","wilist UI","","","UI-021 — Editing the Name of an existing item",""
"passed","Tue Oct 06 15:25:59 UTC 2026","Tue Oct 06 15:25:59 UTC 2026","639","firefox","ui-014.spec.ts","wilist UI","","","UI-014 — Enter in the Name field submits the form",""
"passed","Tue Oct 06 15:25:54 UTC 2026","Tue Oct 06 15:25:56 UTC 2026","1826","firefox","ui-010.spec.ts","wilist UI","","","UI-010 — List survives a page reload",""
"passed","Tue Oct 06 15:25:52 UTC 2026","Tue Oct 06 15:25:54 UTC 2026","2095","firefox","ui-008.spec.ts","wilist UI","","","UI-008 — Leading and trailing spaces in Name",""
"passed","Tue Oct 06 15:26:09 UTC 2026","Tue Oct 06 15:26:12 UTC 2026","2840","firefox","ui-030.spec.ts","wilist UI","","","UI-030 — Remove an item",""
